PRAGMA foreign_keys=OFF;
START TRANSACTION;
CREATE TABLE IF NOT EXISTS "migrations" ("id" integer primary key autoincrement not null, "migration" varchar not null, "batch" integer not null);
INSERT INTO migrations VALUES(1,'2014_10_12_000000_create_users_table',1);
INSERT INTO migrations VALUES(2,'2014_10_12_100000_create_password_reset_tokens_table',1);
INSERT INTO migrations VALUES(3,'2019_08_19_000000_create_failed_jobs_table',1);
INSERT INTO migrations VALUES(4,'2019_12_14_000001_create_personal_access_tokens_table',1);
INSERT INTO migrations VALUES(5,'2016_01_01_000000_add_voyager_user_fields',2);
INSERT INTO migrations VALUES(6,'2016_01_01_000000_create_data_types_table',2);
INSERT INTO migrations VALUES(7,'2016_05_19_173453_create_menu_table',2);
INSERT INTO migrations VALUES(8,'2016_10_21_190000_create_roles_table',2);
INSERT INTO migrations VALUES(9,'2016_10_21_190000_create_settings_table',2);
INSERT INTO migrations VALUES(10,'2016_11_30_135954_create_permission_table',2);
INSERT INTO migrations VALUES(11,'2016_11_30_141208_create_permission_role_table',2);
INSERT INTO migrations VALUES(12,'2016_12_26_201236_data_types__add__server_side',2);
INSERT INTO migrations VALUES(13,'2017_01_13_000000_add_route_to_menu_items_table',2);
INSERT INTO migrations VALUES(14,'2017_01_14_005015_create_translations_table',2);
INSERT INTO migrations VALUES(15,'2017_01_15_000000_make_table_name_nullable_in_permissions_table',2);
INSERT INTO migrations VALUES(16,'2017_03_06_000000_add_controller_to_data_types_table',2);
INSERT INTO migrations VALUES(17,'2017_04_21_000000_add_order_to_data_rows_table',2);
INSERT INTO migrations VALUES(18,'2017_07_05_210000_add_policyname_to_data_types_table',2);
INSERT INTO migrations VALUES(19,'2017_08_05_000000_add_group_to_settings_table',2);
INSERT INTO migrations VALUES(20,'2017_11_26_013050_add_user_role_relationship',2);
INSERT INTO migrations VALUES(21,'2017_11_26_015000_create_user_roles_table',2);
INSERT INTO migrations VALUES(22,'2018_03_11_000000_add_user_settings',2);
INSERT INTO migrations VALUES(23,'2018_03_14_000000_add_details_to_data_types_table',2);
INSERT INTO migrations VALUES(24,'2018_03_16_000000_make_settings_value_nullable',2);
INSERT INTO migrations VALUES(25,'2016_01_01_000000_create_pages_table',3);
INSERT INTO migrations VALUES(26,'2016_01_01_000000_create_posts_table',3);
INSERT INTO migrations VALUES(27,'2016_02_15_204651_create_categories_table',3);
INSERT INTO migrations VALUES(28,'2017_04_11_000000_alter_post_nullable_fields_table',3);
CREATE TABLE IF NOT EXISTS "password_reset_tokens" ("email" varchar not null, "token" varchar not null, "created_at" datetime, primary key ("email"));
CREATE TABLE IF NOT EXISTS "failed_jobs" ("id" integer primary key autoincrement not null, "uuid" varchar not null, "connection" text not null, "queue" text not null, "payload" text not null, "exception" text not null, "failed_at" datetime not null default CURRENT_TIMESTAMP);
CREATE TABLE IF NOT EXISTS "personal_access_tokens" ("id" integer primary key autoincrement not null, "tokenable_type" varchar not null, "tokenable_id" integer not null, "name" varchar not null, "token" varchar not null, "abilities" text, "last_used_at" datetime, "expires_at" datetime, "created_at" datetime, "updated_at" datetime);
CREATE TABLE IF NOT EXISTS "data_types" ("id" integer primary key autoincrement not null, "name" varchar not null, "slug" varchar not null, "display_name_singular" varchar not null, "display_name_plural" varchar not null, "icon" varchar, "model_name" varchar, "description" varchar, "generate_permissions" tinyint(1) not null default '0', "created_at" datetime, "updated_at" datetime, "server_side" integer not null default '0', "controller" varchar, "policy_name" varchar, "details" text);
INSERT INTO data_types VALUES(1,'users','users','User','Users','voyager-person','TCG\Voyager\Models\User','',1,'2024-12-02 02:52:47','2024-12-02 02:52:47',0,'TCG\Voyager\Http\Controllers\VoyagerUserController','TCG\Voyager\Policies\UserPolicy',NULL);
INSERT INTO data_types VALUES(2,'menus','menus','Menu','Menus','voyager-list','TCG\Voyager\Models\Menu','',1,'2024-12-02 02:52:47','2024-12-02 02:52:47',0,'',NULL,NULL);
INSERT INTO data_types VALUES(3,'roles','roles','Role','Roles','voyager-lock','TCG\Voyager\Models\Role','',1,'2024-12-02 02:52:47','2024-12-02 02:52:47',0,'TCG\Voyager\Http\Controllers\VoyagerRoleController',NULL,NULL);
INSERT INTO data_types VALUES(4,'categories','categories','Category','Categories','voyager-categories','TCG\Voyager\Models\Category','',1,'2024-12-02 02:52:47','2024-12-02 02:52:47',0,'',NULL,NULL);
INSERT INTO data_types VALUES(5,'posts','posts','Post','Posts','voyager-news','TCG\Voyager\Models\Post','',1,'2024-12-02 02:52:47','2024-12-02 02:52:47',0,'','TCG\Voyager\Policies\PostPolicy',NULL);
INSERT INTO data_types VALUES(6,'pages','pages','Page','Pages','voyager-file-text','TCG\Voyager\Models\Page','',1,'2024-12-02 02:52:48','2024-12-02 02:52:48',0,'',NULL,NULL);
INSERT INTO data_types VALUES(9,'Exam_Lis','exam-lis','Exam Li','Exam Lis',NULL,'App\ExamLi',NULL,1,'2024-12-02 03:05:10','2024-12-02 03:07:50',0,NULL,NULL,'{"order_column":null,"order_display_column":null,"order_direction":"asc","default_search_key":null,"scope":null}');
INSERT INTO data_types VALUES(10,'Exam_Plotings','exam-plotings','Exam Ploting','Exam Plotings',NULL,'App\ExamPloting',NULL,1,'2024-12-02 03:12:55','2024-12-02 03:12:55',0,NULL,NULL,'{"order_column":null,"order_display_column":null,"order_direction":"asc","default_search_key":null}');
INSERT INTO data_types VALUES(11,'Game_Colaborators','game-colaborators','Game Colaborator','Game Colaborators',NULL,'App\GameColaborator',NULL,1,'2024-12-02 03:18:17','2024-12-02 03:18:17',0,NULL,NULL,'{"order_column":null,"order_display_column":null,"order_direction":"asc","default_search_key":null}');
INSERT INTO data_types VALUES(12,'Materis','materis','Materi','Materis',NULL,'App\Materi',NULL,1,'2024-12-03 15:12:21','2024-12-03 15:12:21',0,NULL,NULL,'{"order_column":null,"order_display_column":null,"order_direction":"asc","default_search_key":null}');
CREATE TABLE IF NOT EXISTS "data_rows" ("id" integer primary key autoincrement not null, "data_type_id" integer not null, "field" varchar not null, "type" varchar not null, "display_name" varchar not null, "required" tinyint(1) not null default '0', "browse" tinyint(1) not null default '1', "read" tinyint(1) not null default '1', "edit" tinyint(1) not null default '1', "add" tinyint(1) not null default '1', "delete" tinyint(1) not null default '1', "details" text, "order" integer not null default '1', foreign key("data_type_id") references "data_types"("id") on delete cascade on update cascade);
INSERT INTO data_rows VALUES(1,1,'id','number','ID',1,0,0,0,0,0,NULL,1);
INSERT INTO data_rows VALUES(2,1,'name','text','Name',1,1,1,1,1,1,NULL,2);
INSERT INTO data_rows VALUES(3,1,'email','text','Email',1,1,1,1,1,1,NULL,3);
INSERT INTO data_rows VALUES(4,1,'password','password','Password',1,0,0,1,1,0,NULL,4);
INSERT INTO data_rows VALUES(5,1,'remember_token','text','Remember Token',0,0,0,0,0,0,NULL,5);
INSERT INTO data_rows VALUES(6,1,'created_at','timestamp','Created At',0,1,1,0,0,0,NULL,6);
INSERT INTO data_rows VALUES(7,1,'updated_at','timestamp','Updated At',0,0,0,0,0,0,NULL,7);
INSERT INTO data_rows VALUES(8,1,'avatar','image','Avatar',0,1,1,1,1,1,NULL,8);
INSERT INTO data_rows VALUES(9,1,'user_belongsto_role_relationship','relationship','Role',0,1,1,1,1,0,'{"model":"TCG\\Voyager\\Models\\Role","table":"roles","type":"belongsTo","column":"role_id","key":"id","label":"display_name","pivot_table":"roles","pivot":0}',10);
INSERT INTO data_rows VALUES(10,1,'user_belongstomany_role_relationship','relationship','Roles',0,1,1,1,1,0,'{"model":"TCG\\Voyager\\Models\\Role","table":"roles","type":"belongsToMany","column":"id","key":"id","label":"display_name","pivot_table":"user_roles","pivot":"1","taggable":"0"}',11);
INSERT INTO data_rows VALUES(11,1,'settings','hidden','Settings',0,0,0,0,0,0,NULL,12);
INSERT INTO data_rows VALUES(12,2,'id','number','ID',1,0,0,0,0,0,NULL,1);
INSERT INTO data_rows VALUES(13,2,'name','text','Name',1,1,1,1,1,1,NULL,2);
INSERT INTO data_rows VALUES(14,2,'created_at','timestamp','Created At',0,0,0,0,0,0,NULL,3);
INSERT INTO data_rows VALUES(15,2,'updated_at','timestamp','Updated At',0,0,0,0,0,0,NULL,4);
INSERT INTO data_rows VALUES(16,3,'id','number','ID',1,0,0,0,0,0,NULL,1);
INSERT INTO data_rows VALUES(17,3,'name','text','Name',1,1,1,1,1,1,NULL,2);
INSERT INTO data_rows VALUES(18,3,'created_at','timestamp','Created At',0,0,0,0,0,0,NULL,3);
INSERT INTO data_rows VALUES(19,3,'updated_at','timestamp','Updated At',0,0,0,0,0,0,NULL,4);
INSERT INTO data_rows VALUES(20,3,'display_name','text','Display Name',1,1,1,1,1,1,NULL,5);
INSERT INTO data_rows VALUES(21,1,'role_id','text','Role',1,1,1,1,1,1,NULL,9);
INSERT INTO data_rows VALUES(22,4,'id','number','ID',1,0,0,0,0,0,NULL,1);
INSERT INTO data_rows VALUES(23,4,'parent_id','select_dropdown','Parent',0,0,1,1,1,1,'{"default":"","null":"","options":{"":"-- None --"},"relationship":{"key":"id","label":"name"}}',2);
INSERT INTO data_rows VALUES(24,4,'order','text','Order',1,1,1,1,1,1,'{"default":1}',3);
INSERT INTO data_rows VALUES(25,4,'name','text','Name',1,1,1,1,1,1,NULL,4);
INSERT INTO data_rows VALUES(26,4,'slug','text','Slug',1,1,1,1,1,1,'{"slugify":{"origin":"name"}}',5);
INSERT INTO data_rows VALUES(27,4,'created_at','timestamp','Created At',0,0,1,0,0,0,NULL,6);
INSERT INTO data_rows VALUES(28,4,'updated_at','timestamp','Updated At',0,0,0,0,0,0,NULL,7);
INSERT INTO data_rows VALUES(29,5,'id','number','ID',1,0,0,0,0,0,NULL,1);
INSERT INTO data_rows VALUES(30,5,'author_id','text','Author',1,0,1,1,0,1,NULL,2);
INSERT INTO data_rows VALUES(31,5,'category_id','text','Category',1,0,1,1,1,0,NULL,3);
INSERT INTO data_rows VALUES(32,5,'title','text','Title',1,1,1,1,1,1,NULL,4);
INSERT INTO data_rows VALUES(33,5,'excerpt','text_area','Excerpt',1,0,1,1,1,1,NULL,5);
INSERT INTO data_rows VALUES(34,5,'body','rich_text_box','Body',1,0,1,1,1,1,NULL,6);
INSERT INTO data_rows VALUES(35,5,'image','image','Post Image',0,1,1,1,1,1,'{"resize":{"width":"1000","height":"null"},"quality":"70%","upsize":true,"thumbnails":[{"name":"medium","scale":"50%"},{"name":"small","scale":"25%"},{"name":"cropped","crop":{"width":"300","height":"250"}}]}',7);
INSERT INTO data_rows VALUES(36,5,'slug','text','Slug',1,0,1,1,1,1,'{"slugify":{"origin":"title","forceUpdate":true},"validation":{"rule":"unique:posts,slug"}}',8);
INSERT INTO data_rows VALUES(37,5,'meta_description','text_area','Meta Description',1,0,1,1,1,1,NULL,9);
INSERT INTO data_rows VALUES(38,5,'meta_keywords','text_area','Meta Keywords',1,0,1,1,1,1,NULL,10);
INSERT INTO data_rows VALUES(39,5,'status','select_dropdown','Status',1,1,1,1,1,1,'{"default":"DRAFT","options":{"PUBLISHED":"published","DRAFT":"draft","PENDING":"pending"}}',11);
INSERT INTO data_rows VALUES(40,5,'created_at','timestamp','Created At',0,1,1,0,0,0,NULL,12);
INSERT INTO data_rows VALUES(41,5,'updated_at','timestamp','Updated At',0,0,0,0,0,0,NULL,13);
INSERT INTO data_rows VALUES(42,5,'seo_title','text','SEO Title',0,1,1,1,1,1,NULL,14);
INSERT INTO data_rows VALUES(43,5,'featured','checkbox','Featured',1,1,1,1,1,1,NULL,15);
INSERT INTO data_rows VALUES(44,6,'id','number','ID',1,0,0,0,0,0,NULL,1);
INSERT INTO data_rows VALUES(45,6,'author_id','text','Author',1,0,0,0,0,0,NULL,2);
INSERT INTO data_rows VALUES(46,6,'title','text','Title',1,1,1,1,1,1,NULL,3);
INSERT INTO data_rows VALUES(47,6,'excerpt','text_area','Excerpt',1,0,1,1,1,1,NULL,4);
INSERT INTO data_rows VALUES(48,6,'body','rich_text_box','Body',1,0,1,1,1,1,NULL,5);
INSERT INTO data_rows VALUES(49,6,'slug','text','Slug',1,0,1,1,1,1,'{"slugify":{"origin":"title"},"validation":{"rule":"unique:pages,slug"}}',6);
INSERT INTO data_rows VALUES(50,6,'meta_description','text','Meta Description',1,0,1,1,1,1,NULL,7);
INSERT INTO data_rows VALUES(51,6,'meta_keywords','text','Meta Keywords',1,0,1,1,1,1,NULL,8);
INSERT INTO data_rows VALUES(52,6,'status','select_dropdown','Status',1,1,1,1,1,1,'{"default":"INACTIVE","options":{"INACTIVE":"INACTIVE","ACTIVE":"ACTIVE"}}',9);
INSERT INTO data_rows VALUES(53,6,'created_at','timestamp','Created At',1,1,1,0,0,0,NULL,10);
INSERT INTO data_rows VALUES(54,6,'updated_at','timestamp','Updated At',1,0,0,0,0,0,NULL,11);
INSERT INTO data_rows VALUES(55,6,'image','image','Page Image',0,1,1,1,1,1,NULL,12);
INSERT INTO data_rows VALUES(56,9,'id','text','Id',1,0,0,0,0,0,'{}',1);
INSERT INTO data_rows VALUES(57,9,'Soal','text','Soal',0,1,1,1,1,1,'{}',2);
INSERT INTO data_rows VALUES(58,9,'q1','text','Q1',0,1,1,1,1,1,'{}',3);
INSERT INTO data_rows VALUES(59,9,'q2','text','Q2',0,1,1,1,1,1,'{}',4);
INSERT INTO data_rows VALUES(60,9,'q3','text','Q3',0,1,1,1,1,1,'{}',5);
INSERT INTO data_rows VALUES(61,9,'q4','text','Q4',0,1,1,1,1,1,'{}',6);
INSERT INTO data_rows VALUES(62,9,'anw','text','Anw',0,1,1,1,1,1,'{}',7);
INSERT INTO data_rows VALUES(63,9,'grub','text','Grub',0,1,1,1,1,1,'{}',8);
INSERT INTO data_rows VALUES(64,9,'created_at','text','Created At',0,1,1,1,1,1,'{}',9);
INSERT INTO data_rows VALUES(65,9,'updated_at','text','Updated At',0,1,1,1,1,1,'{}',10);
INSERT INTO data_rows VALUES(66,10,'id','text','Id',1,0,0,0,0,0,'{}',1);
INSERT INTO data_rows VALUES(67,10,'user_id','text','User Id',0,1,1,1,1,1,'{}',2);
INSERT INTO data_rows VALUES(68,10,'grub_exam','text','Grub Exam',0,1,1,1,1,1,'{}',3);
INSERT INTO data_rows VALUES(69,10,'listofAnswer','rich_text_box','ListofAnswer',0,1,1,0,0,1,'{}',4);
INSERT INTO data_rows VALUES(70,10,'score','number','Score',0,1,1,1,1,1,'{}',5);
INSERT INTO data_rows VALUES(71,10,'Rivew','rich_text_box','Rivew',0,0,1,1,1,1,'{}',6);
INSERT INTO data_rows VALUES(72,10,'created_at','text','Created At',0,0,1,1,1,1,'{}',7);
INSERT INTO data_rows VALUES(73,10,'updated_at','text','Updated At',0,0,1,1,1,1,'{}',8);
INSERT INTO data_rows VALUES(74,11,'id','text','Id',1,0,0,0,0,0,'{}',1);
INSERT INTO data_rows VALUES(75,11,'game_sectoryzer','code_editor','Game Sectoryzer',0,1,1,1,1,1,'{}',2);
INSERT INTO data_rows VALUES(76,11,'created_at','timestamp','Created At',0,1,1,1,1,1,'{}',3);
INSERT INTO data_rows VALUES(77,11,'updated_at','timestamp','Updated At',0,1,1,1,1,1,'{}',4);
INSERT INTO data_rows VALUES(78,12,'id','text','Id',1,0,0,0,0,0,'{}',1);
INSERT INTO data_rows VALUES(79,12,'judul','text','Judul',0,1,1,1,1,1,'{}',2);
INSERT INTO data_rows VALUES(80,12,'simply','text','Simply',0,1,1,1,1,1,'{}',3);
INSERT INTO data_rows VALUES(81,12,'poster','image','Poster',0,1,1,1,1,1,'{}',4);
INSERT INTO data_rows VALUES(82,12,'isi','rich_text_box','Isi',0,1,1,1,1,1,'{}',5);
INSERT INTO data_rows VALUES(83,12,'created_at','timestamp','Created At',0,1,1,1,1,1,'{}',6);
INSERT INTO data_rows VALUES(84,12,'updated_at','timestamp','Updated At',0,1,1,1,1,1,'{}',7);
CREATE TABLE IF NOT EXISTS "menus" ("id" integer primary key autoincrement not null, "name" varchar not null, "created_at" datetime, "updated_at" datetime);
INSERT INTO menus VALUES(1,'admin','2024-12-02 02:52:47','2024-12-02 02:52:47');
CREATE TABLE IF NOT EXISTS "menu_items" ("id" integer primary key autoincrement not null, "menu_id" integer, "title" varchar not null, "url" varchar not null, "target" varchar not null default '_self', "icon_class" varchar, "color" varchar, "parent_id" integer, "order" integer not null, "created_at" datetime, "updated_at" datetime, "route" varchar, "parameters" text);
INSERT INTO menu_items VALUES(1,1,'Dashboard','','_self','voyager-boat',NULL,NULL,1,'2024-12-02 02:52:47','2024-12-02 02:52:47','voyager.dashboard',NULL);
INSERT INTO menu_items VALUES(2,1,'Media','','_self','voyager-images',NULL,NULL,5,'2024-12-02 02:52:47','2024-12-02 02:52:47','voyager.media.index',NULL);
INSERT INTO menu_items VALUES(3,1,'Users','','_self','voyager-person',NULL,NULL,3,'2024-12-02 02:52:47','2024-12-02 02:52:47','voyager.users.index',NULL);
INSERT INTO menu_items VALUES(4,1,'Roles','','_self','voyager-lock',NULL,NULL,2,'2024-12-02 02:52:47','2024-12-02 02:52:47','voyager.roles.index',NULL);
INSERT INTO menu_items VALUES(5,1,'Tools','','_self','voyager-tools',NULL,NULL,9,'2024-12-02 02:52:47','2024-12-02 02:52:47',NULL,NULL);
INSERT INTO menu_items VALUES(6,1,'Menu Builder','','_self','voyager-list',NULL,5,10,'2024-12-02 02:52:47','2024-12-02 02:52:47','voyager.menus.index',NULL);
INSERT INTO menu_items VALUES(7,1,'Database','','_self','voyager-data',NULL,5,11,'2024-12-02 02:52:47','2024-12-02 02:52:47','voyager.database.index',NULL);
INSERT INTO menu_items VALUES(8,1,'Compass','','_self','voyager-compass',NULL,5,12,'2024-12-02 02:52:47','2024-12-02 02:52:47','voyager.compass.index',NULL);
INSERT INTO menu_items VALUES(9,1,'BREAD','','_self','voyager-bread',NULL,5,13,'2024-12-02 02:52:47','2024-12-02 02:52:47','voyager.bread.index',NULL);
INSERT INTO menu_items VALUES(10,1,'Settings','','_self','voyager-settings',NULL,NULL,14,'2024-12-02 02:52:47','2024-12-02 02:52:47','voyager.settings.index',NULL);
INSERT INTO menu_items VALUES(11,1,'Categories','','_self','voyager-categories',NULL,NULL,8,'2024-12-02 02:52:47','2024-12-02 02:52:47','voyager.categories.index',NULL);
INSERT INTO menu_items VALUES(12,1,'Posts','','_self','voyager-news',NULL,NULL,6,'2024-12-02 02:52:47','2024-12-02 02:52:47','voyager.posts.index',NULL);
INSERT INTO menu_items VALUES(13,1,'Pages','','_self','voyager-file-text',NULL,NULL,7,'2024-12-02 02:52:48','2024-12-02 02:52:48','voyager.pages.index',NULL);
INSERT INTO menu_items VALUES(16,1,'Exam Lis','','_self',NULL,NULL,NULL,15,'2024-12-02 03:05:10','2024-12-02 03:05:10','voyager.exam-lis.index',NULL);
INSERT INTO menu_items VALUES(17,1,'Exam Plotings','','_self',NULL,NULL,NULL,16,'2024-12-02 03:12:55','2024-12-02 03:12:55','voyager.exam-plotings.index',NULL);
INSERT INTO menu_items VALUES(18,1,'Game Colaborators','','_self',NULL,NULL,NULL,17,'2024-12-02 03:18:17','2024-12-02 03:18:17','voyager.game-colaborators.index',NULL);
INSERT INTO menu_items VALUES(19,1,'Materis','','_self',NULL,NULL,NULL,18,'2024-12-03 15:12:21','2024-12-03 15:12:21','voyager.materis.index',NULL);
CREATE TABLE IF NOT EXISTS "roles" ("id" integer primary key autoincrement not null, "name" varchar not null, "display_name" varchar not null, "created_at" datetime, "updated_at" datetime);
INSERT INTO roles VALUES(1,'admin','Administrator','2024-12-02 02:52:47','2024-12-02 02:52:47');
INSERT INTO roles VALUES(2,'user','Normal User','2024-12-02 02:52:47','2024-12-02 02:52:47');
CREATE TABLE IF NOT EXISTS "permission_role" ("permission_id" integer not null, "role_id" integer not null, foreign key("permission_id") references "permissions"("id") on delete cascade, foreign key("role_id") references "roles"("id") on delete cascade, primary key ("permission_id", "role_id"));
INSERT INTO permission_role VALUES(1,1);
INSERT INTO permission_role VALUES(2,1);
INSERT INTO permission_role VALUES(3,1);
INSERT INTO permission_role VALUES(4,1);
INSERT INTO permission_role VALUES(5,1);
INSERT INTO permission_role VALUES(6,1);
INSERT INTO permission_role VALUES(7,1);
INSERT INTO permission_role VALUES(8,1);
INSERT INTO permission_role VALUES(9,1);
INSERT INTO permission_role VALUES(10,1);
INSERT INTO permission_role VALUES(11,1);
INSERT INTO permission_role VALUES(12,1);
INSERT INTO permission_role VALUES(13,1);
INSERT INTO permission_role VALUES(14,1);
INSERT INTO permission_role VALUES(15,1);
INSERT INTO permission_role VALUES(16,1);
INSERT INTO permission_role VALUES(17,1);
INSERT INTO permission_role VALUES(18,1);
INSERT INTO permission_role VALUES(19,1);
INSERT INTO permission_role VALUES(20,1);
INSERT INTO permission_role VALUES(21,1);
INSERT INTO permission_role VALUES(22,1);
INSERT INTO permission_role VALUES(23,1);
INSERT INTO permission_role VALUES(24,1);
INSERT INTO permission_role VALUES(25,1);
INSERT INTO permission_role VALUES(26,1);
INSERT INTO permission_role VALUES(27,1);
INSERT INTO permission_role VALUES(28,1);
INSERT INTO permission_role VALUES(29,1);
INSERT INTO permission_role VALUES(30,1);
INSERT INTO permission_role VALUES(31,1);
INSERT INTO permission_role VALUES(32,1);
INSERT INTO permission_role VALUES(33,1);
INSERT INTO permission_role VALUES(34,1);
INSERT INTO permission_role VALUES(35,1);
INSERT INTO permission_role VALUES(36,1);
INSERT INTO permission_role VALUES(37,1);
INSERT INTO permission_role VALUES(38,1);
INSERT INTO permission_role VALUES(39,1);
INSERT INTO permission_role VALUES(40,1);
INSERT INTO permission_role VALUES(51,1);
INSERT INTO permission_role VALUES(52,1);
INSERT INTO permission_role VALUES(53,1);
INSERT INTO permission_role VALUES(54,1);
INSERT INTO permission_role VALUES(55,1);
INSERT INTO permission_role VALUES(56,1);
INSERT INTO permission_role VALUES(57,1);
INSERT INTO permission_role VALUES(58,1);
INSERT INTO permission_role VALUES(59,1);
INSERT INTO permission_role VALUES(60,1);
INSERT INTO permission_role VALUES(61,1);
INSERT INTO permission_role VALUES(62,1);
INSERT INTO permission_role VALUES(63,1);
INSERT INTO permission_role VALUES(64,1);
INSERT INTO permission_role VALUES(65,1);
INSERT INTO permission_role VALUES(66,1);
INSERT INTO permission_role VALUES(67,1);
INSERT INTO permission_role VALUES(68,1);
INSERT INTO permission_role VALUES(69,1);
INSERT INTO permission_role VALUES(70,1);
CREATE TABLE IF NOT EXISTS "translations" ("id" integer primary key autoincrement not null, "table_name" varchar not null, "column_name" varchar not null, "foreign_key" integer not null, "locale" varchar not null, "value" text not null, "created_at" datetime, "updated_at" datetime);
INSERT INTO translations VALUES(1,'data_types','display_name_singular',5,'pt','Post','2024-12-02 02:52:48','2024-12-02 02:52:48');
INSERT INTO translations VALUES(2,'data_types','display_name_singular',6,'pt','Página','2024-12-02 02:52:48','2024-12-02 02:52:48');
INSERT INTO translations VALUES(3,'data_types','display_name_singular',1,'pt','Utilizador','2024-12-02 02:52:48','2024-12-02 02:52:48');
INSERT INTO translations VALUES(4,'data_types','display_name_singular',4,'pt','Categoria','2024-12-02 02:52:48','2024-12-02 02:52:48');
INSERT INTO translations VALUES(5,'data_types','display_name_singular',2,'pt','Menu','2024-12-02 02:52:48','2024-12-02 02:52:48');
INSERT INTO translations VALUES(6,'data_types','display_name_singular',3,'pt','Função','2024-12-02 02:52:48','2024-12-02 02:52:48');
INSERT INTO translations VALUES(7,'data_types','display_name_plural',5,'pt','Posts','2024-12-02 02:52:48','2024-12-02 02:52:48');
INSERT INTO translations VALUES(8,'data_types','display_name_plural',6,'pt','Páginas','2024-12-02 02:52:48','2024-12-02 02:52:48');
INSERT INTO translations VALUES(9,'data_types','display_name_plural',1,'pt','Utilizadores','2024-12-02 02:52:48','2024-12-02 02:52:48');
INSERT INTO translations VALUES(10,'data_types','display_name_plural',4,'pt','Categorias','2024-12-02 02:52:48','2024-12-02 02:52:48');
INSERT INTO translations VALUES(11,'data_types','display_name_plural',2,'pt','Menus','2024-12-02 02:52:48','2024-12-02 02:52:48');
INSERT INTO translations VALUES(12,'data_types','display_name_plural',3,'pt','Funções','2024-12-02 02:52:48','2024-12-02 02:52:48');
INSERT INTO translations VALUES(13,'categories','slug',1,'pt','categoria-1','2024-12-02 02:52:48','2024-12-02 02:52:48');
INSERT INTO translations VALUES(14,'categories','name',1,'pt','Categoria 1','2024-12-02 02:52:48','2024-12-02 02:52:48');
INSERT INTO translations VALUES(15,'categories','slug',2,'pt','categoria-2','2024-12-02 02:52:48','2024-12-02 02:52:48');
INSERT INTO translations VALUES(16,'categories','name',2,'pt','Categoria 2','2024-12-02 02:52:48','2024-12-02 02:52:48');
INSERT INTO translations VALUES(17,'pages','title',1,'pt','Olá Mundo','2024-12-02 02:52:48','2024-12-02 02:52:48');
INSERT INTO translations VALUES(18,'pages','slug',1,'pt','ola-mundo','2024-12-02 02:52:48','2024-12-02 02:52:48');
INSERT INTO translations VALUES(19,'pages','body',1,'pt',replace(replace('<p>Olá Mundo. Scallywag grog swab Cat o''nine tails scuttle rigging hardtack cable nipper Yellow Jack. Handsomely spirits knave lad killick landlubber or just lubber deadlights chantey pinnace crack Jennys tea cup. Provost long clothes black spot Yellow Jack bilged on her anchor league lateen sail case shot lee tackle.</p>\r\n<p>Ballast spirits fluke topmast me quarterdeck schooner landlubber or just lubber gabion belaying pin. Pinnace stern galleon starboard warp carouser to go on account dance the hempen jig jolly boat measured fer yer chains. Man-of-war fire in the hole nipperkin handsomely doubloon barkadeer Brethren of the Coast gibbet driver squiffy.</p>','\r',char(13)),'\n',char(10)),'2024-12-02 02:52:48','2024-12-02 02:52:48');
INSERT INTO translations VALUES(20,'menu_items','title',1,'pt','Painel de Controle','2024-12-02 02:52:48','2024-12-02 02:52:48');
INSERT INTO translations VALUES(21,'menu_items','title',2,'pt','Media','2024-12-02 02:52:48','2024-12-02 02:52:48');
INSERT INTO translations VALUES(22,'menu_items','title',12,'pt','Publicações','2024-12-02 02:52:48','2024-12-02 02:52:48');
INSERT INTO translations VALUES(23,'menu_items','title',3,'pt','Utilizadores','2024-12-02 02:52:48','2024-12-02 02:52:48');
INSERT INTO translations VALUES(24,'menu_items','title',11,'pt','Categorias','2024-12-02 02:52:48','2024-12-02 02:52:48');
INSERT INTO translations VALUES(25,'menu_items','title',13,'pt','Páginas','2024-12-02 02:52:48','2024-12-02 02:52:48');
INSERT INTO translations VALUES(26,'menu_items','title',4,'pt','Funções','2024-12-02 02:52:48','2024-12-02 02:52:48');
INSERT INTO translations VALUES(27,'menu_items','title',5,'pt','Ferramentas','2024-12-02 02:52:48','2024-12-02 02:52:48');
INSERT INTO translations VALUES(28,'menu_items','title',6,'pt','Menus','2024-12-02 02:52:48','2024-12-02 02:52:48');
INSERT INTO translations VALUES(29,'menu_items','title',7,'pt','Base de dados','2024-12-02 02:52:48','2024-12-02 02:52:48');
INSERT INTO translations VALUES(30,'menu_items','title',10,'pt','Configurações','2024-12-02 02:52:48','2024-12-02 02:52:48');
CREATE TABLE permissions (id INT PRIMARY KEY AUTO_INCREMENT AUTO_INCREMENT NOT NULL, "key" VARCHAR(255) NOT NULL, table_name VARCHAR(255) DEFAULT NULL, created_at DATETIME DEFAULT NULL, updated_at DATETIME DEFAULT NULL);
INSERT INTO permissions VALUES(1,'browse_admin',NULL,'2024-12-02 02:52:47','2024-12-02 02:52:47');
INSERT INTO permissions VALUES(2,'browse_bread',NULL,'2024-12-02 02:52:47','2024-12-02 02:52:47');
INSERT INTO permissions VALUES(3,'browse_database',NULL,'2024-12-02 02:52:47','2024-12-02 02:52:47');
INSERT INTO permissions VALUES(4,'browse_media',NULL,'2024-12-02 02:52:47','2024-12-02 02:52:47');
INSERT INTO permissions VALUES(5,'browse_compass',NULL,'2024-12-02 02:52:47','2024-12-02 02:52:47');
INSERT INTO permissions VALUES(6,'browse_menus','menus','2024-12-02 02:52:47','2024-12-02 02:52:47');
INSERT INTO permissions VALUES(7,'read_menus','menus','2024-12-02 02:52:47','2024-12-02 02:52:47');
INSERT INTO permissions VALUES(8,'edit_menus','menus','2024-12-02 02:52:47','2024-12-02 02:52:47');
INSERT INTO permissions VALUES(9,'add_menus','menus','2024-12-02 02:52:47','2024-12-02 02:52:47');
INSERT INTO permissions VALUES(10,'delete_menus','menus','2024-12-02 02:52:47','2024-12-02 02:52:47');
INSERT INTO permissions VALUES(11,'browse_roles','roles','2024-12-02 02:52:47','2024-12-02 02:52:47');
INSERT INTO permissions VALUES(12,'read_roles','roles','2024-12-02 02:52:47','2024-12-02 02:52:47');
INSERT INTO permissions VALUES(13,'edit_roles','roles','2024-12-02 02:52:47','2024-12-02 02:52:47');
INSERT INTO permissions VALUES(14,'add_roles','roles','2024-12-02 02:52:47','2024-12-02 02:52:47');
INSERT INTO permissions VALUES(15,'delete_roles','roles','2024-12-02 02:52:47','2024-12-02 02:52:47');
INSERT INTO permissions VALUES(16,'browse_users','users','2024-12-02 02:52:47','2024-12-02 02:52:47');
INSERT INTO permissions VALUES(17,'read_users','users','2024-12-02 02:52:47','2024-12-02 02:52:47');
INSERT INTO permissions VALUES(18,'edit_users','users','2024-12-02 02:52:47','2024-12-02 02:52:47');
INSERT INTO permissions VALUES(19,'add_users','users','2024-12-02 02:52:47','2024-12-02 02:52:47');
INSERT INTO permissions VALUES(20,'delete_users','users','2024-12-02 02:52:47','2024-12-02 02:52:47');
INSERT INTO permissions VALUES(21,'browse_settings','settings','2024-12-02 02:52:47','2024-12-02 02:52:47');
INSERT INTO permissions VALUES(22,'read_settings','settings','2024-12-02 02:52:47','2024-12-02 02:52:47');
INSERT INTO permissions VALUES(23,'edit_settings','settings','2024-12-02 02:52:47','2024-12-02 02:52:47');
INSERT INTO permissions VALUES(24,'add_settings','settings','2024-12-02 02:52:47','2024-12-02 02:52:47');
INSERT INTO permissions VALUES(25,'delete_settings','settings','2024-12-02 02:52:47','2024-12-02 02:52:47');
INSERT INTO permissions VALUES(26,'browse_categories','categories','2024-12-02 02:52:47','2024-12-02 02:52:47');
INSERT INTO permissions VALUES(27,'read_categories','categories','2024-12-02 02:52:47','2024-12-02 02:52:47');
INSERT INTO permissions VALUES(28,'edit_categories','categories','2024-12-02 02:52:47','2024-12-02 02:52:47');
INSERT INTO permissions VALUES(29,'add_categories','categories','2024-12-02 02:52:47','2024-12-02 02:52:47');
INSERT INTO permissions VALUES(30,'delete_categories','categories','2024-12-02 02:52:47','2024-12-02 02:52:47');
INSERT INTO permissions VALUES(31,'browse_posts','posts','2024-12-02 02:52:47','2024-12-02 02:52:47');
INSERT INTO permissions VALUES(32,'read_posts','posts','2024-12-02 02:52:48','2024-12-02 02:52:48');
INSERT INTO permissions VALUES(33,'edit_posts','posts','2024-12-02 02:52:48','2024-12-02 02:52:48');
INSERT INTO permissions VALUES(34,'add_posts','posts','2024-12-02 02:52:48','2024-12-02 02:52:48');
INSERT INTO permissions VALUES(35,'delete_posts','posts','2024-12-02 02:52:48','2024-12-02 02:52:48');
INSERT INTO permissions VALUES(36,'browse_pages','pages','2024-12-02 02:52:48','2024-12-02 02:52:48');
INSERT INTO permissions VALUES(37,'read_pages','pages','2024-12-02 02:52:48','2024-12-02 02:52:48');
INSERT INTO permissions VALUES(38,'edit_pages','pages','2024-12-02 02:52:48','2024-12-02 02:52:48');
INSERT INTO permissions VALUES(39,'add_pages','pages','2024-12-02 02:52:48','2024-12-02 02:52:48');
INSERT INTO permissions VALUES(40,'delete_pages','pages','2024-12-02 02:52:48','2024-12-02 02:52:48');
INSERT INTO permissions VALUES(51,'browse_Exam_Lis','Exam_Lis','2024-12-02 03:05:10','2024-12-02 03:05:10');
INSERT INTO permissions VALUES(52,'read_Exam_Lis','Exam_Lis','2024-12-02 03:05:10','2024-12-02 03:05:10');
INSERT INTO permissions VALUES(53,'edit_Exam_Lis','Exam_Lis','2024-12-02 03:05:10','2024-12-02 03:05:10');
INSERT INTO permissions VALUES(54,'add_Exam_Lis','Exam_Lis','2024-12-02 03:05:10','2024-12-02 03:05:10');
INSERT INTO permissions VALUES(55,'delete_Exam_Lis','Exam_Lis','2024-12-02 03:05:10','2024-12-02 03:05:10');
INSERT INTO permissions VALUES(56,'browse_Exam_Plotings','Exam_Plotings','2024-12-02 03:12:55','2024-12-02 03:12:55');
INSERT INTO permissions VALUES(57,'read_Exam_Plotings','Exam_Plotings','2024-12-02 03:12:55','2024-12-02 03:12:55');
INSERT INTO permissions VALUES(58,'edit_Exam_Plotings','Exam_Plotings','2024-12-02 03:12:55','2024-12-02 03:12:55');
INSERT INTO permissions VALUES(59,'add_Exam_Plotings','Exam_Plotings','2024-12-02 03:12:55','2024-12-02 03:12:55');
INSERT INTO permissions VALUES(60,'delete_Exam_Plotings','Exam_Plotings','2024-12-02 03:12:55','2024-12-02 03:12:55');
INSERT INTO permissions VALUES(61,'browse_Game_Colaborators','Game_Colaborators','2024-12-02 03:18:17','2024-12-02 03:18:17');
INSERT INTO permissions VALUES(62,'read_Game_Colaborators','Game_Colaborators','2024-12-02 03:18:17','2024-12-02 03:18:17');
INSERT INTO permissions VALUES(63,'edit_Game_Colaborators','Game_Colaborators','2024-12-02 03:18:17','2024-12-02 03:18:17');
INSERT INTO permissions VALUES(64,'add_Game_Colaborators','Game_Colaborators','2024-12-02 03:18:17','2024-12-02 03:18:17');
INSERT INTO permissions VALUES(65,'delete_Game_Colaborators','Game_Colaborators','2024-12-02 03:18:17','2024-12-02 03:18:17');
INSERT INTO permissions VALUES(66,'browse_Materis','Materis','2024-12-03 15:12:21','2024-12-03 15:12:21');
INSERT INTO permissions VALUES(67,'read_Materis','Materis','2024-12-03 15:12:21','2024-12-03 15:12:21');
INSERT INTO permissions VALUES(68,'edit_Materis','Materis','2024-12-03 15:12:21','2024-12-03 15:12:21');
INSERT INTO permissions VALUES(69,'add_Materis','Materis','2024-12-03 15:12:21','2024-12-03 15:12:21');
INSERT INTO permissions VALUES(70,'delete_Materis','Materis','2024-12-03 15:12:21','2024-12-03 15:12:21');
CREATE TABLE users (id INT PRIMARY KEY AUTO_INCREMENT AUTO_INCREMENT NOT NULL, name VARCHAR(255) NOT NULL, email VARCHAR(255) NOT NULL, email_verified_at DATETIME DEFAULT NULL, password VARCHAR(255) NOT NULL, remember_token VARCHAR(255) DEFAULT NULL, created_at DATETIME DEFAULT NULL, updated_at DATETIME DEFAULT NULL, avatar VARCHAR(255) DEFAULT 'users/default.png', role_id BIGINT UNSIGNED DEFAULT NULL, "settings" text);
INSERT INTO users VALUES(1,'Admin','admin@admin.com',NULL,'$2y$12$.p7n2lijLcVK55iLVc9.EeMuPBSxNj5P1.WmhMfFrFeULEMr7OY0.','aa37Hz5jMIQsWHFGqqiNUEOtYL0EmM2cQ49X8SFpm9iByGFYEMddFgMsqUW8','2024-12-02 02:52:47','2024-12-02 02:52:47','users/default.png',1,NULL);
CREATE TABLE IF NOT EXISTS "user_roles" ("user_id" integer not null, "role_id" integer not null, foreign key("user_id") references "users"("id") on delete cascade, foreign key("role_id") references "roles"("id") on delete cascade, primary key ("user_id", "role_id"));
CREATE TABLE settings (id INT PRIMARY KEY AUTO_INCREMENT AUTO_INCREMENT NOT NULL, "key" VARCHAR(255) NOT NULL, display_name VARCHAR(255) NOT NULL, value CLOB DEFAULT NULL, details CLOB DEFAULT NULL, type VARCHAR(255) NOT NULL, "order" INTEGER DEFAULT 1 NOT NULL, "group" VARCHAR(255) DEFAULT NULL);
INSERT INTO settings VALUES(1,'site.title','Site Title','Site Title','','text',1,'Site');
INSERT INTO settings VALUES(2,'site.description','Site Description','Site Description','','text',2,'Site');
INSERT INTO settings VALUES(3,'site.logo','Site Logo','','','image',3,'Site');
INSERT INTO settings VALUES(4,'site.google_analytics_tracking_id','Google Analytics Tracking ID','','','text',4,'Site');
INSERT INTO settings VALUES(5,'admin.bg_image','Admin Background Image','','','image',5,'Admin');
INSERT INTO settings VALUES(6,'admin.title','Admin Title','Voyager','','text',1,'Admin');
INSERT INTO settings VALUES(7,'admin.description','Admin Description','Welcome to Voyager. The Missing Admin for Laravel','','text',2,'Admin');
INSERT INTO settings VALUES(8,'admin.loader','Admin Loader','','','image',3,'Admin');
INSERT INTO settings VALUES(9,'admin.icon_image','Admin Icon Image','','','image',4,'Admin');
INSERT INTO settings VALUES(10,'admin.google_analytics_client_id','Google Analytics Client ID (used for admin dashboard)','','','text',1,'Admin');
CREATE TABLE IF NOT EXISTS "pages" ("id" integer primary key autoincrement not null, "author_id" integer not null, "title" varchar not null, "excerpt" text, "body" text, "image" varchar, "slug" varchar not null, "meta_description" text, "meta_keywords" text, "status" varchar check ("status" in ('ACTIVE', 'INACTIVE')) not null default 'INACTIVE', "created_at" datetime, "updated_at" datetime);
INSERT INTO pages VALUES(1,0,'Hello World','Hang the jib grog grog blossom grapple dance the hempen jig gangway pressgang bilge rat to go on account lugger. Nelsons folly gabion line draught scallywag fire ship gaff fluke fathom case shot. Sea Legs bilge rat sloop matey gabion long clothes run a shot across the bow Gold Road cog league.',replace('<p>Hello World. Scallywag grog swab Cat o''nine tails scuttle rigging hardtack cable nipper Yellow Jack. Handsomely spirits knave lad killick landlubber or just lubber deadlights chantey pinnace crack Jennys tea cup. Provost long clothes black spot Yellow Jack bilged on her anchor league lateen sail case shot lee tackle.</p>\n<p>Ballast spirits fluke topmast me quarterdeck schooner landlubber or just lubber gabion belaying pin. Pinnace stern galleon starboard warp carouser to go on account dance the hempen jig jolly boat measured fer yer chains. Man-of-war fire in the hole nipperkin handsomely doubloon barkadeer Brethren of the Coast gibbet driver squiffy.</p>','\n',char(10)),'pages/page1.jpg','hello-world','Yar Meta Description','Keyword1, Keyword2','ACTIVE','2024-12-02 02:52:48','2024-12-02 02:52:48');
CREATE TABLE IF NOT EXISTS "categories" ("id" integer primary key autoincrement not null, "parent_id" integer, "order" integer not null default '1', "name" varchar not null, "slug" varchar not null, "created_at" datetime, "updated_at" datetime, foreign key("parent_id") references "categories"("id") on delete set null on update cascade);
INSERT INTO categories VALUES(1,NULL,1,'Category 1','category-1','2024-12-02 02:52:47','2024-12-02 02:52:47');
INSERT INTO categories VALUES(2,NULL,1,'Category 2','category-2','2024-12-02 02:52:47','2024-12-02 02:52:47');
CREATE TABLE posts (id INT PRIMARY KEY AUTO_INCREMENT AUTO_INCREMENT NOT NULL, author_id INTEGER NOT NULL, category_id INTEGER DEFAULT NULL, title VARCHAR(255) NOT NULL, seo_title VARCHAR(255) DEFAULT NULL, excerpt CLOB DEFAULT NULL, body CLOB NOT NULL, image VARCHAR(255) DEFAULT NULL, slug VARCHAR(255) NOT NULL, meta_description CLOB DEFAULT NULL, meta_keywords CLOB DEFAULT NULL, status VARCHAR(255) DEFAULT 'DRAFT' NOT NULL, featured BOOLEAN DEFAULT 0 NOT NULL, created_at DATETIME DEFAULT NULL, updated_at DATETIME DEFAULT NULL);
INSERT INTO posts VALUES(1,1,1,'17 agUSTINUS',NULL,'This is the excerpt for the Lorem Ipsum Post',replace(replace('<div class="blog-thumb blog-details-thumb mb-30"><img src="https://sarolangunkab.go.id/storage/berita/2499e16f82f97ab11806c5a6888d2119.jpg" alt="img"></div>\r\n<div id="maincontent" class="inner-blog-content blog-details-content mb-70">\r\n<h5>Sejarah Singkat Hari Kemerdekaan Indonesia 17 Agustus 1945</h5>\r\n<div class="d-lg-flex align-items-center justify-content-between mb-20 mt-20">\r\n<div class="blog-meta">\r\n<ul>\r\n<li><a href="https://sarolangunkab.go.id/artikel/baca/sejarah-singkat-hari-kemerdekaan-indonesia-17-agustus-1945">&nbsp;RH</a></li>\r\n&nbsp;\r\n<li>August 06, 2024</li>\r\n&nbsp;\r\n<li>Pengunjung (12295)</li>\r\n</ul>\r\n</div>\r\n<div class="blog-share">\r\n<ul>\r\n<li>&nbsp;</li>\r\n&nbsp;\r\n<li>&nbsp;</li>\r\n&nbsp;\r\n<li>&nbsp;</li>\r\n</ul>\r\n</div>\r\n</div>\r\n<h3>Penjajahan Belanda dan Jepang</h3>\r\n<p>Penjajahan Belanda</p>\r\n<ul>\r\n<li>Sebelum kemerdekaan, Indonesia telah dijajah oleh Belanda selama lebih dari 300 tahun. Penjajahan ini membawa banyak perubahan sosial, ekonomi, dan budaya di Indonesia.</li>\r\n<li>Perlawanan terhadap penjajahan Belanda telah berlangsung sejak awal abad ke-20, dengan peristiwa-peristiwa seperti Perang Diponegoro (1825-1830) dan Perang Aceh (1873-1904).\r\n<p>Penjajahan Jepang</p>\r\n</li>\r\n<li>Pada tahun 1942, Jepang mengambil alih kekuasaan di Indonesia dari Belanda. Penjajahan Jepang membawa perubahan signifikan, termasuk pembentukan organisasi perlawanan seperti PETA (Pembela Tanah Air) dan BKR (Badan Keamanan Rakyat).</li>\r\n<li>Perlawanan terhadap penjajahan Jepang juga terus berlanjut, dengan tokoh-tokoh seperti Soekarno dan Hatta yang terus memperjuangkan kemerdekaan.</li>\r\n<li>\r\n<h3>Perang Dunia II dan Kekalahan Jepang</h3>\r\n<p>Bom Atom di Hiroshima dan Nagasaki</p>\r\n</li>\r\n<li>Pada tanggal 6 Agustus 1945, Amerika Serikat menjatuhkan bom atom di Hiroshima, Jepang. Tiga hari kemudian, pada tanggal 9 Agustus 1945, bom atom kedua dijatuhkan di Nagasaki.</li>\r\n<li>Kekalahan Jepang yang parah ini menyebabkan penurunan moral dan semangat tentara Jepang, serta memaksa Jepang untuk menyerah kepada Sekutu pada tanggal 14 Agustus 1945.\r\n<p>Pengaruh Kekalahan Jepang terhadap Kemerdekaan Indonesia</p>\r\n<p>Kekalahan Jepang memberikan momentum bagi perjuangan kemerdekaan Indonesia. Para pejuang Indonesia melihat kesempatan untuk memproklamasikan kemerdekaan mereka sendiri, bukan sebagai hadiah dari Jepang.</p>\r\n<p>Latar Belakang Perjuangan Kemerdekaan</p>\r\n<p>Sejarah kemerdekaan Indonesia dimulai dari masa penjajahan yang berkepanjangan. Bangsa Indonesia telah lama dijajah oleh Belanda dan Jepang. Perjuangan kemerdekaan Indonesia tidak hanya terjadi dalam satu peristiwa, melainkan merupakan hasil dari perjuangan yang panjang dan berliku-liku.</p>\r\n<p>Peristiwa Rengasdengklok</p>\r\n<p>Pada bulan Agustus 1945, Soekarno dan Hatta kembali ke tanah air dari Dalat. Mereka bertemu dengan Mayor Jenderal Oosugi Nishimura, Kepala Departemen Urusan Umum pemerintahan militer Jepang.</p>\r\n<p>Nishimura mengemukakan bahwa Jepang harus menjaga status quo dan tidak dapat memberi izin untuk mempersiapkan proklamasi kemerdekaan Indonesia seperti yang dijanjikan oleh Marsekal Terauchi di Dalat.</p>\r\n<p>Soekarno dan Hatta menyesali keputusan tersebut dan menuju ke rumah Laksamana Maeda untuk melakukan rapat guna menyiapkan teks Proklamasi.</p>\r\n<p>Penyusunan Teks Proklamasi</p>\r\n<p>Penyusunan teks Proklamasi dilakukan oleh Soekarno, M. Hatta, Achmad Soebardjo, dan disaksikan oleh Soekardi, B.M. Diah, Sudiro, dan Sayuti Melik. Teks Proklamasi ditulis oleh Ir. Soekarno sendiri.</p>\r\n<p>Setelah selesai disepakati, Sayuti Melik menyalin dan mengetik teks tersebut menggunakan mesin tik milik Mayor Dr. Hermanto Kusumobroto (dari kantor perwakilan Angkatan Laut Jerman).</p>\r\n<p>Pembacaan Teks Proklamasi</p>\r\n<p>Pada tanggal 17 Agustus 1945, teks Proklamasi kemerdekaan Indonesia mulai dibacakan oleh Ir. Soekarno didampingi Mohammad Hatta pada pukul 10.00 di serambi depan rumah Soekarno, Jalan Pegangsaan Timur Nomor 56, Djakarta (sekarang Jalan Proklamasi Nomor 5, Jakarta Pusat).</p>\r\n<p>Setelah pembacaan teks Proklamasi, bendera pusaka merah putih dikibarkan untuk pertama kalinya yang disaksikan oleh masyarakat di Jakarta.</p>\r\n<p>Penyebaran Berita Proklamasi</p>\r\n<p>Segera setelah Soekarno membacakan teks Proklamasi, kabar kemerdekaan Indonesia langsung tersebar hingga ke seluruh pelosok negeri. Berita Proklamasi disebarkan melalui beragam cara, mulai dari siaran radio, telegram, surat kabar, pamflet, hingga dari mulut ke mulut. Tokoh-tokoh yang menyebarkan berita Proklamasi antara lain Sukarni, Supardjo, BM Diah, Syahruddin, dan Ki Hajar Dewantara.</p>\r\n<p>Peringatan Hari Kemerdekaan</p>\r\n<p>Setiap tanggal 17 Agustus, masyarakat tanah air selalu memperingati hari Proklamasi. Tanggal tersebut merupakan titik balik dari sejarah kemerdekaan Indonesia yang cukup panjang, dimana sebelumnya penduduk tanah air sempat dijajah selama bertahun-tahun. Peringatan ini meliputi pengibaran bendera Merah Putih dan sambutan oleh walikota pada saat itu, yaitu Suwiryo dan Muwardi.</p>\r\n<p>Perjuangan Setelah Proklamasi</p>\r\n<p>Perjalanan Indonesia untuk mendapatkan kemerdekaan memang tidak sebentar. Penduduk tanah air harus merasakan penjajahan yang kejam dalam kurun waktu bertahun-tahun.Bahkan setelah Proklamasi dikumandangkan pun, masih banyak perjuangan lainnya yang harus ditempuh seperti pembuatan naskah UUD 1945 dan lainnya, agar Indonesia bisa menjadi negara seperti sekarang.</p>\r\n</li>\r\n<li>\r\n<p>sumber :umsu.ac.id<br><br><br></p>\r\n</li>\r\n</ul>\r\n</div>\r\n<p><iframe title="YouTube video player" src="https://www.youtube.com/embed/pxr4lSNluEo?si=UJHbJNQJuXGWwoB8&amp;start=223" width="560" height="315" frameborder="0" allow="accelerometer; autoplay; clipboard-write; encrypted-media; gyroscope; picture-in-picture; web-share" allowfullscreen="allowfullscreen"></iframe></p>','\r',char(13)),'\n',char(10)),'posts/post1.jpg','17-agustinus','This is the meta description','keyword1, keyword2, keyword3','PUBLISHED',0,'2024-12-02 02:52:48','2024-12-03 13:48:47');
INSERT INTO posts VALUES(2,0,NULL,'My Sample Post',NULL,'This is the excerpt for the sample Post',replace('<p>This is the body for the sample post, which includes the body.</p>\n                <h2>We can use all kinds of format!</h2>\n                <p>And include a bunch of other stuff.</p>','\n',char(10)),'posts/post2.jpg','my-sample-post','Meta Description for sample post','keyword1, keyword2, keyword3','PUBLISHED',0,'2024-12-02 02:52:48','2024-12-02 02:52:48');
INSERT INTO posts VALUES(3,0,NULL,'Latest Post',NULL,'This is the excerpt for the latest post','<p>This is the body for the latest post</p>','posts/post3.jpg','latest-post','This is the meta description','keyword1, keyword2, keyword3','PUBLISHED',0,'2024-12-02 02:52:48','2024-12-02 02:52:48');
INSERT INTO posts VALUES(4,0,NULL,'Yarr Post',NULL,'Reef sails nipperkin bring a spring upon her cable coffer jury mast spike marooned Pieces of Eight poop deck pillage. Clipper driver coxswain galleon hempen halter come about pressgang gangplank boatswain swing the lead. Nipperkin yard skysail swab lanyard Blimey bilge water ho quarter Buccaneer.',replace('<p>Swab deadlights Buccaneer fire ship square-rigged dance the hempen jig weigh anchor cackle fruit grog furl. Crack Jennys tea cup chase guns pressgang hearties spirits hogshead Gold Road six pounders fathom measured fer yer chains. Main sheet provost come about trysail barkadeer crimp scuttle mizzenmast brig plunder.</p>\n<p>Mizzen league keelhaul galleon tender cog chase Barbary Coast doubloon crack Jennys tea cup. Blow the man down lugsail fire ship pinnace cackle fruit line warp Admiral of the Black strike colors doubloon. Tackle Jack Ketch come about crimp rum draft scuppers run a shot across the bow haul wind maroon.</p>\n<p>Interloper heave down list driver pressgang holystone scuppers tackle scallywag bilged on her anchor. Jack Tar interloper draught grapple mizzenmast hulk knave cable transom hogshead. Gaff pillage to go on account grog aft chase guns piracy yardarm knave clap of thunder.</p>','\n',char(10)),'posts/post4.jpg','yarr-post','this be a meta descript','keyword1, keyword2, keyword3','PUBLISHED',0,'2024-12-02 02:52:48','2024-12-02 02:52:48');
CREATE TABLE Exam_Lis (id INT PRIMARY KEY AUTO_INCREMENT AUTO_INCREMENT NOT NULL, Soal text DEFAULT NULL, q1 text DEFAULT NULL, q2 text DEFAULT NULL, q3 text DEFAULT NULL, q4 text DEFAULT NULL, anw INTEGER DEFAULT NULL, grub INTEGER DEFAULT NULL, created_at text DEFAULT NULL, updated_at text DEFAULT NULL);
INSERT INTO Exam_Lis VALUES(1,'1+1','0','1','2','3',3,1,NULL,NULL);
CREATE TABLE Exam_Plotings (id INT PRIMARY KEY AUTO_INCREMENT AUTO_INCREMENT NOT NULL, user_id INTEGER DEFAULT NULL, grub_exam INTEGER DEFAULT NULL, listofAnswer text DEFAULT NULL, score INTEGER DEFAULT NULL, Rivew text DEFAULT NULL, created_at text DEFAULT NULL, updated_at text DEFAULT NULL);
CREATE TABLE Game_Colaborators (id INT PRIMARY KEY AUTO_INCREMENT AUTO_INCREMENT NOT NULL, game_sectoryzer text DEFAULT NULL, created_at text DEFAULT NULL, updated_at text DEFAULT NULL);
INSERT INTO Game_Colaborators VALUES(1,replace(replace('<div class="interacty_padding" style="position: relative; padding: 99.5% 0 0 0;">\r\n        <div class="interacty_wrapper" style="position: absolute; top: 0; left: 0; width: 100%; height: 100%; display: flex; justify-content: center;">\r\n            <iframe style="border: none; width: 100%; height: 100%;" src="https://p.interacty.me/567ddfb89b573d10/iframe.html"></iframe>\r\n        </div>\r\n</div','\r',char(13)),'\n',char(10)),NULL,NULL);
INSERT INTO Game_Colaborators VALUES(2,replace(replace('<div class="interacty_padding" style="position: relative; padding: 99.5% 0 0 0;">\r\n        <div class="interacty_wrapper" style="position: absolute; top: 0; left: 0; width: 100%; height: 100%; display: flex; justify-content: center;">\r\n            <iframe style="border: none; width: 100%; height: 100%;" src="https://p.interacty.me/4dfd6e8286166083/iframe.html"></iframe>\r\n        </div>\r\n    </div>','\r',char(13)),'\n',char(10)),NULL,NULL);
INSERT INTO Game_Colaborators VALUES(3,replace(replace('<div class="interacty_padding" style="position: relative; padding: 99.5% 0 0 0;">\r\n        <div class="interacty_wrapper" style="position: absolute; top: 0; left: 0; width: 100%; height: 100%; display: flex; justify-content: center;">\r\n            <iframe style="border: none; width: 100%; height: 100%;" src="https://p.interacty.me/228183b8fe2a5bb8/iframe.html"></iframe>\r\n        </div>\r\n    </div>','\r',char(13)),'\n',char(10)),NULL,NULL);
CREATE TABLE Materis (id INT PRIMARY KEY AUTO_INCREMENT AUTO_INCREMENT NOT NULL, judul text DEFAULT NULL, simply text DEFAULT NULL, poster INTEGER DEFAULT NULL, isi text DEFAULT NULL, created_at text DEFAULT NULL, updated_at text DEFAULT NULL);
INSERT INTO Materis VALUES(1,'mau tak gentar','membela yang benar',NULL,'<p>maju Serentah&nbsp;<strong>Tentu kita Menang</strong></p>',NULL,NULL);
DELETE FROM sqlite_sequence;
INSERT INTO sqlite_sequence VALUES('migrations',28);
INSERT INTO sqlite_sequence VALUES('permissions',70);
INSERT INTO sqlite_sequence VALUES('users',1);
INSERT INTO sqlite_sequence VALUES('settings',10);
INSERT INTO sqlite_sequence VALUES('data_types',12);
INSERT INTO sqlite_sequence VALUES('data_rows',84);
INSERT INTO sqlite_sequence VALUES('menus',1);
INSERT INTO sqlite_sequence VALUES('menu_items',19);
INSERT INTO sqlite_sequence VALUES('roles',2);
INSERT INTO sqlite_sequence VALUES('posts',4);
INSERT INTO sqlite_sequence VALUES('categories',2);
INSERT INTO sqlite_sequence VALUES('pages',1);
INSERT INTO sqlite_sequence VALUES('translations',30);
INSERT INTO sqlite_sequence VALUES('Game_Colaborators',3);
INSERT INTO sqlite_sequence VALUES('Materis',1);
INSERT INTO sqlite_sequence VALUES('Exam_Lis',1);
CREATE UNIQUE INDEX "failed_jobs_uuid_unique" on "failed_jobs" ("uuid");
CREATE INDEX "personal_access_tokens_tokenable_type_tokenable_id_index" on "personal_access_tokens" ("tokenable_type", "tokenable_id");
CREATE UNIQUE INDEX "personal_access_tokens_token_unique" on "personal_access_tokens" ("token");
CREATE UNIQUE INDEX "data_types_name_unique" on "data_types" ("name");
CREATE UNIQUE INDEX "data_types_slug_unique" on "data_types" ("slug");
CREATE UNIQUE INDEX "menus_name_unique" on "menus" ("name");
CREATE UNIQUE INDEX "roles_name_unique" on "roles" ("name");
CREATE INDEX "permission_role_permission_id_index" on "permission_role" ("permission_id");
CREATE INDEX "permission_role_role_id_index" on "permission_role" ("role_id");
CREATE UNIQUE INDEX "translations_table_name_column_name_foreign_key_locale_unique" on "translations" ("table_name", "column_name", "foreign_key", "locale");
CREATE INDEX permissions_key_index ON permissions ("key");
CREATE UNIQUE INDEX users_email_unique ON users (email);
CREATE INDEX "user_roles_user_id_index" on "user_roles" ("user_id");
CREATE INDEX "user_roles_role_id_index" on "user_roles" ("role_id");
CREATE UNIQUE INDEX settings_key_unique ON settings ("key");
CREATE UNIQUE INDEX "pages_slug_unique" on "pages" ("slug");
CREATE UNIQUE INDEX "categories_slug_unique" on "categories" ("slug");
CREATE UNIQUE INDEX posts_slug_unique ON posts (slug);
COMMIT;
